classification,confidence,reasoning,trial_duration,control_type,complexity_level,key_challenges,conversion_notes,game_name,game_url,subtitle,raw_response
NOT_SUITABLE,0.8,"Roblox is a platform hosting various user-created games. While some individual experiences might fit the criteria, the platform itself is fundamentally an open-ended sandbox with a wide range of complex games. A 2D keyboard conversion would be impractical due to the varied control schemes and complexity across different experiences. The potential trial duration, scoring, and mechanics vary wildly, making a unified 2D conversion unsuitable.",Varies greatly depending on the specific game experience within Roblox (seconds to hours),"Highly variable; some games could use WASD and mouse clicks, others might require complex keyboard mappings, while others would be fundamentally incompatible.",Complex,"['Variety of game genres and mechanics within Roblox', 'Inconsistent control schemes across different experiences', 'Potential reliance on 3D movement and camera control', 'Open-ended gameplay in many Roblox games', 'Difficulty in adapting complex user interfaces to 2D', 'Converting games with advanced physics or simulations']","Converting specific, simple Roblox games to 2D might be possible on a case-by-case basis, but converting the entire platform is not feasible. Focus should be on identifying suitable sub-games within Roblox rather than attempting to convert the entire platform.",Roblox,https://apps.apple.com/us/app/roblox/id431946152,"Play, Create, and Connect","```json
{
    ""classification"": ""NOT_SUITABLE"",
    ""confidence"": 0.8,
    ""reasoning"": ""Roblox is a platform hosting various user-created games. While some individual experiences might fit the criteria, the platform itself is fundamentally an open-ended sandbox with a wide range of complex games. A 2D keyboard conversion would be impractical due to the varied control schemes and complexity across different experiences. The potential trial duration, scoring, and mechanics vary wildly, making a unified 2D conversion unsuitable."",
    ""trial_duration"": ""Varies greatly depending on the specific game experience within Roblox (seconds to hours)"",
    ""control_type"": ""Highly variable; some games could use WASD and mouse clicks, others might require complex keyboard mappings, while others would be fundamentally incompatible."",
    ""complexity_level"": ""Complex"",
    ""key_challenges"": [
        ""Variety of game genres and mechanics within Roblox"",
        ""Inconsistent control schemes across different experiences"",
        ""Potential reliance on 3D movement and camera control"",
        ""Open-ended gameplay in many Roblox games"",
        ""Difficulty in adapting complex user interfaces to 2D"",
        ""Converting games with advanced physics or simulations""
    ],
    ""conversion_notes"": ""Converting specific, simple Roblox games to 2D might be possible on a case-by-case basis, but converting the entire platform is not feasible. Focus should be on identifying suitable sub-games within Roblox rather than attempting to convert the entire platform.""
}
```"
NOT_SUITABLE,0.9,"Peace Elite (和平精英) is a battle royale game. Battle royale games typically feature long match durations, require continuous movement and aiming, and involve complex controls which are not easily adaptable to a 2D environment with keyboard controls. The game inherently lacks the features that make a mobile game readily convertible to a 2D desktop game.",20-30 minutes,"Movement (WASD), aiming (mouse emulation with keys), actions (key presses). Too complex to be intuitive.",Complex,"['Converting 3D movement and aiming to a 2D plane.', 'Simplifying aiming and shooting mechanics for keyboard control.', 'Maintaining the core battle royale experience in a 2D format.', 'Adapting the map and level design for 2D gameplay.']","A drastic simplification of the game mechanics would be needed, essentially creating a different game. It might be possible to create a top-down shooter with similar elements, but it would lose the core battle royale feel.",和平精英,https://apps.apple.com/cn/app/%E5%92%8C%E5%B9%B3%E7%B2%BE%E8%8B%B1/id1321803705,创乐激战,"```json
{
    ""classification"": ""NOT_SUITABLE"",
    ""confidence"": 0.9,
    ""reasoning"": ""Peace Elite (和平精英) is a battle royale game. Battle royale games typically feature long match durations, require continuous movement and aiming, and involve complex controls which are not easily adaptable to a 2D environment with keyboard controls. The game inherently lacks the features that make a mobile game readily convertible to a 2D desktop game."",
    ""trial_duration"": ""20-30 minutes"",
    ""control_type"": ""Movement (WASD), aiming (mouse emulation with keys), actions (key presses). Too complex to be intuitive."",
    ""complexity_level"": ""Complex"",
    ""key_challenges"": [
        ""Converting 3D movement and aiming to a 2D plane."",
        ""Simplifying aiming and shooting mechanics for keyboard control."",
        ""Maintaining the core battle royale experience in a 2D format."",
        ""Adapting the map and level design for 2D gameplay.""
    ],
    ""conversion_notes"": ""A drastic simplification of the game mechanics would be needed, essentially creating a different game. It might be possible to create a top-down shooter with similar elements, but it would lose the core battle royale feel.""
}
```"
NOT_SUITABLE,0.9,This is an endless runner (Subway Surfers clone) which relies heavily on continuous swiping for movement. This core mechanic does not translate well to keyboard controls without significantly altering the gameplay experience.,"Varies, potentially endless","Would need to map swiping actions to key presses (e.g., left arrow for swipe left), which is not ideal for responsiveness and precision.",Medium,"['Adapting continuous swiping controls to keyboard or discrete input', 'Maintaining the feel of fluid motion and responsiveness with keyboard controls', 'The gameplay loop is inherently endless and lacks a clear end-state']","While technically possible, the conversion would likely result in a less enjoyable and responsive gameplay experience. Significant changes to the core gameplay loop would be needed to make it a suitable 2D keyboard-controlled game.",地铁跑酷 -梦回烟雨江南,https://apps.apple.com/cn/app/%E5%9C%B0%E9%93%81%E8%B7%91%E9%85%B7-%E6%A2%A6%E5%9B%9E%E7%83%9F%E9%9B%A8%E6%B1%9F%E5%8D%97/id995122577,畅游苏州园林画卷,"```json
{
    ""classification"": ""NOT_SUITABLE"",
    ""confidence"": 0.9,
    ""reasoning"": ""This is an endless runner (Subway Surfers clone) which relies heavily on continuous swiping for movement. This core mechanic does not translate well to keyboard controls without significantly altering the gameplay experience."",
    ""trial_duration"": ""Varies, potentially endless"",
    ""control_type"": ""Would need to map swiping actions to key presses (e.g., left arrow for swipe left), which is not ideal for responsiveness and precision."",
    ""complexity_level"": ""Medium"",
    ""key_challenges"": [
        ""Adapting continuous swiping controls to keyboard or discrete input"",
        ""Maintaining the feel of fluid motion and responsiveness with keyboard controls"",
        ""The gameplay loop is inherently endless and lacks a clear end-state""
    ],
    ""conversion_notes"": ""While technically possible, the conversion would likely result in a less enjoyable and responsive gameplay experience. Significant changes to the core gameplay loop would be needed to make it a suitable 2D keyboard-controlled game.""
}
```"
NOT_SUITABLE,0.8,"Based on available information and search results, 迷你世界 (Mini World) is a 3D sandbox game similar to Minecraft. Sandbox games are inherently open-ended and lack defined trials/rounds, scoring, or win conditions. While basic actions could be mapped to keyboard keys, the free-form nature of the game, continuous movement, and camera control challenges make it unsuitable for a simple 2D keyboard-controlled conversion.",Potentially endless; highly variable depending on player goals,Movement using WASD keys; camera control using arrow keys or mouse emulation; item selection and crafting via number keys and keyboard shortcuts.,Complex,"['Adapting 3D movement and camera control to a 2D perspective.', 'Replicating the sandbox experience with potentially limited interaction options compared to the original.', 'Creating a satisfying control scheme without touch inputs.', 'Maintaining the open-ended nature of the game within a 2D environment.']","A highly simplified 2D adaptation might be possible by focusing on specific aspects, such as crafting or survival, but the core sandbox experience would likely be lost.",迷你世界,https://apps.apple.com/cn/app/%E8%BF%B7%E4%BD%A0%E4%B8%96%E7%95%8C/id1170455562,猪鸡回归，五种新萌宠,"```json
{
    ""classification"": ""NOT_SUITABLE"",
    ""confidence"": 0.8,
    ""reasoning"": ""Based on available information and search results, 迷你世界 (Mini World) is a 3D sandbox game similar to Minecraft. Sandbox games are inherently open-ended and lack defined trials/rounds, scoring, or win conditions. While basic actions could be mapped to keyboard keys, the free-form nature of the game, continuous movement, and camera control challenges make it unsuitable for a simple 2D keyboard-controlled conversion."",
    ""trial_duration"": ""Potentially endless; highly variable depending on player goals"",
    ""control_type"": ""Movement using WASD keys; camera control using arrow keys or mouse emulation; item selection and crafting via number keys and keyboard shortcuts."",
    ""complexity_level"": ""Complex"",
    ""key_challenges"": [
        ""Adapting 3D movement and camera control to a 2D perspective."",
        ""Replicating the sandbox experience with potentially limited interaction options compared to the original."",
        ""Creating a satisfying control scheme without touch inputs."",
        ""Maintaining the open-ended nature of the game within a 2D environment.""
    ],
    ""conversion_notes"": ""A highly simplified 2D adaptation might be possible by focusing on specific aspects, such as crafting or survival, but the core sandbox experience would likely be lost.""
}
```"
NOT_SUITABLE,0.9,"League of Legends: Wild Rift is a MOBA. While the core mechanics could be simplified for 2D, the real-time combat, constant movement adjustments, and reliance on quick reflexes make a direct conversion to keyboard controls challenging. Matches also typically exceed the 5-10 minute trial duration target. While simplified 2D versions of MOBAs exist, they involve significant reimagining of the gameplay loop.",15-30 minutes,"WASD movement, QWER abilities mapped to keys, click to target, number keys for items/consumables.",Complex,"['Real-time combat adjustments with limited key combinations.', 'Adapting targeting and aiming mechanics to keyboard/mouse.', 'Maintaining balance and competitiveness with simplified controls.', 'Match length exceeding target trial duration.']","A potential 2D adaptation would likely need to significantly reduce the number of controllable elements, simplify the map design, and potentially focus on a smaller number of champions with simplified abilities to be truly 'SUITABLE'.",英雄联盟手游,https://apps.apple.com/cn/app/%E8%8B%B1%E9%9B%84%E8%81%94%E7%9B%9F%E6%89%8B%E6%B8%B8/id1455054000,金辉凯歌  S19赛季,"```json
{
    ""classification"": ""NOT_SUITABLE"",
    ""confidence"": 0.9,
    ""reasoning"": ""League of Legends: Wild Rift is a MOBA. While the core mechanics could be simplified for 2D, the real-time combat, constant movement adjustments, and reliance on quick reflexes make a direct conversion to keyboard controls challenging. Matches also typically exceed the 5-10 minute trial duration target. While simplified 2D versions of MOBAs exist, they involve significant reimagining of the gameplay loop."",
    ""trial_duration"": ""15-30 minutes"",
    ""control_type"": ""WASD movement, QWER abilities mapped to keys, click to target, number keys for items/consumables."",
    ""complexity_level"": ""Complex"",
    ""key_challenges"": [
        ""Real-time combat adjustments with limited key combinations."",
        ""Adapting targeting and aiming mechanics to keyboard/mouse."",
        ""Maintaining balance and competitiveness with simplified controls."",
        ""Match length exceeding target trial duration.""
    ],
    ""conversion_notes"": ""A potential 2D adaptation would likely need to significantly reduce the number of controllable elements, simplify the map design, and potentially focus on a smaller number of champions with simplified abilities to be truly 'SUITABLE'.""
}
```"
SUITABLE,0.95,"Candy Crush Saga is a match-3 puzzle game with discrete actions (swapping candies) and clear level objectives, making it suitable for 2D conversion with keyboard controls.",2-5 minutes,"Arrow keys to select a candy, Enter key to initiate a swap with an adjacent candy in the direction of the last arrow key press. Alternatively, numbered keys can be mapped to candy positions on the board.",Simple,"['Adapting the visual feedback for candy swaps to keyboard controls.', 'Ensuring clear visual cues for special candy combinations.']",Consider providing alternative control schemes for accessibility. Focus on clear visual feedback for candy selection and swapping actions.,Candy Crush Saga,https://apps.apple.com/us/app/candy-crush-saga/id553834731,Puzzle Your Way Through Candy!,"```json
{
    ""classification"": ""SUITABLE"",
    ""confidence"": 0.95,
    ""reasoning"": ""Candy Crush Saga is a match-3 puzzle game with discrete actions (swapping candies) and clear level objectives, making it suitable for 2D conversion with keyboard controls."",
    ""trial_duration"": ""2-5 minutes"",
    ""control_type"": ""Arrow keys to select a candy, Enter key to initiate a swap with an adjacent candy in the direction of the last arrow key press. Alternatively, numbered keys can be mapped to candy positions on the board."",
    ""complexity_level"": ""Simple"",
    ""key_challenges"": [""Adapting the visual feedback for candy swaps to keyboard controls."", ""Ensuring clear visual cues for special candy combinations.""],
    ""conversion_notes"": ""Consider providing alternative control schemes for accessibility. Focus on clear visual feedback for candy selection and swapping actions.""
}
```"
NOT_SUITABLE,0.95,"Subway Surfers is an endless runner, meaning trials don't have definitive end points and rely heavily on continuous swiping, which is difficult to translate effectively to keyboard controls.","Potentially infinite, but usually ends within minutes due to mistakes","The game currently uses swipes. Possible keyboard conversion: left/right arrow keys for lane changes, up arrow for jump, down arrow for roll. Spacebar could be used for the hoverboard.",Medium,"['Converting continuous swiping to discrete keyboard inputs may feel less fluid.', 'Maintaining the original gameplay feel while using keyboard controls is difficult.', 'The game is designed for short bursts on mobile, which may not translate well to longer desktop sessions.']","While individual actions can be mapped to keyboard keys, the core mechanic of reacting quickly to obstacles in a continuous running scenario presents a significant challenge. The feeling of momentum and direct control would be hard to replicate. Also, the lack of a clear end to each 'run' makes it less ideal for a desktop experience.",Subway Surfers,https://apps.apple.com/us/app/subway-surfers/id512939461,Join the endless running fun!,"```json
{
    ""classification"": ""NOT_SUITABLE"",
    ""confidence"": 0.95,
    ""reasoning"": ""Subway Surfers is an endless runner, meaning trials don't have definitive end points and rely heavily on continuous swiping, which is difficult to translate effectively to keyboard controls."",
    ""trial_duration"": ""Potentially infinite, but usually ends within minutes due to mistakes"",
    ""control_type"": ""The game currently uses swipes. Possible keyboard conversion: left/right arrow keys for lane changes, up arrow for jump, down arrow for roll. Spacebar could be used for the hoverboard."",
    ""complexity_level"": ""Medium"",
    ""key_challenges"": [
        ""Converting continuous swiping to discrete keyboard inputs may feel less fluid."",
        ""Maintaining the original gameplay feel while using keyboard controls is difficult."",
        ""The game is designed for short bursts on mobile, which may not translate well to longer desktop sessions.""
    ],
    ""conversion_notes"": ""While individual actions can be mapped to keyboard keys, the core mechanic of reacting quickly to obstacles in a continuous running scenario presents a significant challenge. The feeling of momentum and direct control would be hard to replicate. Also, the lack of a clear end to each 'run' makes it less ideal for a desktop experience.""
}
```"
SUITABLE,0.8,The game appears to be an action-based fighting game with stages that are likely short enough for 5-10 minute trials. Keyboard control can emulate the directional pad and action buttons.,5-10 minutes,"Arrow keys for movement, and dedicated keyboard buttons (e.g., A, S, D, J, K, L) for various attack and special moves. Combos can be mapped to sequences of key presses.",Medium,"['Adapting touch-based special moves or combos to keyboard inputs without becoming too cumbersome.', 'Maintaining the responsiveness and fluidity of combat with keyboard controls.', 'Balancing the difficulty for keyboard input compared to touch controls.']",Consider simplifying combo inputs or adding customizable key mappings. Focus on making the core combat engaging and responsive with the keyboard.,火影忍者,https://apps.apple.com/cn/app/%E7%81%AB%E5%BD%B1%E5%BF%8D%E8%80%85/id955396648,人气竞技动作手游,"```json
{
    ""classification"": ""SUITABLE"",
    ""confidence"": 0.8,
    ""reasoning"": ""The game appears to be an action-based fighting game with stages that are likely short enough for 5-10 minute trials. Keyboard control can emulate the directional pad and action buttons."",
    ""trial_duration"": ""5-10 minutes"",
    ""control_type"": ""Arrow keys for movement, and dedicated keyboard buttons (e.g., A, S, D, J, K, L) for various attack and special moves. Combos can be mapped to sequences of key presses."",
    ""complexity_level"": ""Medium"",
    ""key_challenges"": [
        ""Adapting touch-based special moves or combos to keyboard inputs without becoming too cumbersome."",
        ""Maintaining the responsiveness and fluidity of combat with keyboard controls."",
        ""Balancing the difficulty for keyboard input compared to touch controls.""
    ],
    ""conversion_notes"": ""Consider simplifying combo inputs or adding customizable key mappings. Focus on making the core combat engaging and responsive with the keyboard.""
}
```"
SUITABLE,0.9,"MONOPOLY GO! is based on the classic board game, where turns are discrete, and actions are performed sequentially. Trials/rounds can be completed within a reasonable timeframe. The core mechanics are relatively simple and adaptable to keyboard controls, although some aspects like mini-games might need simplification.",5-15 minutes,"Keyboard presses for dice rolls, property selection, card choices, and navigating menus. Number keys for selecting options, spacebar for confirmation.",Medium,"['Adapting mini-games (e.g., shutdown, heist) to keyboard controls while maintaining engagement.', 'Replicating the tactile feel of dice rolling with a keyboard press.', 'Streamlining the UI for keyboard navigation.', 'Balancing the gameplay to accommodate the lack of direct touch interaction.']","Consider adding keyboard shortcuts for frequently used actions. The visual presentation should be simplified to a 2D format, focusing on clarity and readability. Some of the more elaborate animations and special effects would need to be toned down or replaced. Focus on clear UI elements for navigation. Ensure the dice rolls and random events are fair and perceived as such by players using keyboard controls.",MONOPOLY GO!,https://apps.apple.com/us/app/monopoly-go/id1621328561,"Roll, Build, Dream, & Scheme!","```json
{
    ""classification"": ""SUITABLE"",
    ""confidence"": 0.9,
    ""reasoning"": ""MONOPOLY GO! is based on the classic board game, where turns are discrete, and actions are performed sequentially. Trials/rounds can be completed within a reasonable timeframe. The core mechanics are relatively simple and adaptable to keyboard controls, although some aspects like mini-games might need simplification."",
    ""trial_duration"": ""5-15 minutes"",
    ""control_type"": ""Keyboard presses for dice rolls, property selection, card choices, and navigating menus. Number keys for selecting options, spacebar for confirmation."",
    ""complexity_level"": ""Medium"",
    ""key_challenges"": [
        ""Adapting mini-games (e.g., shutdown, heist) to keyboard controls while maintaining engagement."",
        ""Replicating the tactile feel of dice rolling with a keyboard press."",
        ""Streamlining the UI for keyboard navigation."",
        ""Balancing the gameplay to accommodate the lack of direct touch interaction.""
    ],
    ""conversion_notes"": ""Consider adding keyboard shortcuts for frequently used actions. The visual presentation should be simplified to a 2D format, focusing on clarity and readability. Some of the more elaborate animations and special effects would need to be toned down or replaced. Focus on clear UI elements for navigation. Ensure the dice rolls and random events are fair and perceived as such by players using keyboard controls.""
}
```"
SUITABLE,0.9,"Fifth Personality is an asymmetrical horror game where one hunter chases four survivors. Matches have clear win/lose conditions and the core mechanics of chasing, hiding, and solving puzzles are adaptable to keyboard controls. While it is normally 3D, the core mechanics would translate into a 2D environment effectively. The game loop of hiding, decoding, and escaping is well-suited for short rounds.",5-15 minutes,"WASD for movement, Space for action (vaulting, decoding, etc.), Mouse clicks (converted to key presses) for interacting with objects and skills. Number keys could also be used for selecting abilities.",Medium,"['Adapting 3D navigation and camera control to a 2D perspective.', 'Rebalancing character abilities for a 2D environment.', 'Simplifying map layouts while maintaining the strategic elements.', ""Implementing a suitable aiming system for the Hunter's attacks in 2D.""]","The conversion would require a significant overhaul of the navigation system, moving from a free-roaming 3D environment to a constrained 2D space. Line of sight and hiding mechanics would need to be redesigned to fit the 2D perspective. The art style can be adapted to 2D, potentially using sprites or hand-drawn animations to maintain the aesthetic.",第五人格,https://apps.apple.com/cn/app/%E7%AC%AC%E4%BA%94%E4%BA%BA%E6%A0%BC/id1330863325,庄园狂欢,"```json
{
    ""classification"": ""SUITABLE"",
    ""confidence"": 0.9,
    ""reasoning"": ""Fifth Personality is an asymmetrical horror game where one hunter chases four survivors. Matches have clear win/lose conditions and the core mechanics of chasing, hiding, and solving puzzles are adaptable to keyboard controls. While it is normally 3D, the core mechanics would translate into a 2D environment effectively. The game loop of hiding, decoding, and escaping is well-suited for short rounds."",
    ""trial_duration"": ""5-15 minutes"",
    ""control_type"": ""WASD for movement, Space for action (vaulting, decoding, etc.), Mouse clicks (converted to key presses) for interacting with objects and skills. Number keys could also be used for selecting abilities."",
    ""complexity_level"": ""Medium"",
    ""key_challenges"": [
        ""Adapting 3D navigation and camera control to a 2D perspective."",
        ""Rebalancing character abilities for a 2D environment."",
        ""Simplifying map layouts while maintaining the strategic elements."",
        ""Implementing a suitable aiming system for the Hunter's attacks in 2D.""
    ],
    ""conversion_notes"": ""The conversion would require a significant overhaul of the navigation system, moving from a free-roaming 3D environment to a constrained 2D space. Line of sight and hiding mechanics would need to be redesigned to fit the 2D perspective. The art style can be adapted to 2D, potentially using sprites or hand-drawn animations to maintain the aesthetic.""
}
```"
