game_name,has_game_name,has_test_controls,game_name_details,test_controls_details
2112td-tower-defense-survival,True,True,h1#gameTitle: 'press enter to begin',"Button onclick: TEST_1 | Button ID: test_1_ModeBtn | Button onclick: TEST_2 | Button ID: test_2_ModeBtn | HTML pattern: onclick=""window.setControlMode('TEST_1 | HTML pattern: onclick=""window.setControlMode('TEST_2"
a-few-quick-matches,False,False,,
adventure-star-roll-of-fate,False,True,,"Button onclick: TEST_1 | Button ID: test_1_ModeBtn | Button onclick: TEST_2 | Button ID: test_2_ModeBtn | HTML pattern: onclick=""window.setControlMode('TEST_1 | HTML pattern: onclick=""window.setControlMode('TEST_2"
aether-arena-rivals-of-the-abyss,False,False,,
ao-oni-the-mansions-shadow,True,False,h1#gameTitle: 'press enter to begin',
aqua-sort-puzzle,False,False,,
arena-reckoning-pixel-horde,False,False,,
battle-royale-fps-arena,False,False,,
battle-zone,False,False,,
blades-of-brim-clone,False,False,,
block-blast,False,False,,
blue-revolver-system-breach,False,False,,
bounce-collect,False,True,,"Button onclick: TEST_1 | Button ID: test_1_ModeBtn | Button onclick: TEST_2 | Button ID: test_2_ModeBtn | HTML pattern: onclick=""window.setControlMode('TEST_1 | HTML pattern: onclick=""window.setControlMode('TEST_2"
bubble-cash,False,False,,
cannon-shot,False,False,,
carrion-reverse-horror,False,True,,"Button onclick: TEST_1 | Button ID: test_1_ModeBtn | Button onclick: TEST_2 | Button ID: test_2_ModeBtn | HTML pattern: onclick=""window.setControlMode('TEST_1 | HTML pattern: onclick=""window.setControlMode('TEST_2"
celeste-mountain,False,False,,
cheese-chase-mouse-escape,False,False,,
chromatic-ascent,False,True,,"Button onclick: TEST_1 | Button ID: test_1_ModeBtn | Button onclick: TEST_2 | Button ID: test_2_ModeBtn | HTML pattern: onclick=""window.setControlMode('TEST_1 | HTML pattern: onclick=""window.setControlMode('TEST_2"
color-road-3d,False,False,,
connect-cascade,False,False,,
cookie-clicker,False,True,,"Button onclick: TEST_1 | Button ID: test_1_ModeBtn | Button onclick: TEST_2 | Button ID: test_2_ModeBtn | Button onclick: TEST_3 | Button ID: test_3_ModeBtn | Button onclick: TEST_4 | Button ID: test_4_ModeBtn | Button onclick: TEST_5 | Button ID: test_5_ModeBtn | HTML pattern: onclick=""window.setControlMode('TEST_1 | HTML pattern: onclick=""window.setControlMode('TEST_2 | HTML pattern: onclick=""window.setControlMode('TEST_3"
crypt-of-the-rhythm-knight,False,False,,
deemo-rhythm-of-the-growing-tree,False,False,,
doodle-hopper,False,False,,
downwell-ish,False,False,,
easy-delivery-co,False,False,,
endless-slayer,True,True,h1#gameTitle: 'press enter to begin',"HTML pattern: <button id=""test1Btn"" class=""control-button"" oncli | HTML pattern: <button id=""test2Btn"" class=""control-button"" oncli | HTML pattern: <button id=""test3Btn"" class=""control-button"" oncli"
flappy-dunk-clone,True,False,h1#gameTitle: 'press enter to begin',
fling-feathers-blitz,False,False,,
fruit-merge,False,False,,
glow-puzzle,False,True,,"Button onclick: TEST_1 | Button ID: test_1_ModeBtn | Button onclick: TEST_2 | Button ID: test_2_ModeBtn | HTML pattern: onclick=""window.setControlMode('TEST_1 | HTML pattern: onclick=""window.setControlMode('TEST_2"
helix-jump-3d,False,True,,"Button ID: test_1_ModeBtn | Button ID: test_2_ModeBtn | HTML pattern: <button id=""test_1_ModeBtn"" class=""control-button"" | HTML pattern: <button id=""test_2_ModeBtn"" class=""control-button"""
heroic-impact-arena,False,False,,
jelly-jump-3d,False,False,,
jelly-shift-3d,False,False,,
jetpack-joyride-clone,False,False,,
jump-king-legend,False,False,,
kart-tour-3d,False,False,,
kero-blaster-reboot,True,True,h1#gameTitle: 'press enter to begin',"Button ID: test_1_ModeBtn | Button ID: test_2_ModeBtn | HTML pattern: <button id=""test_1_ModeBtn"" class=""control-button"" | HTML pattern: <button id=""test_2_ModeBtn"" class=""control-button"""
kingdom-crashers,False,False,,
knife-master-challenge,False,False,,
leap-day-clone,False,False,,
leo_fortune,False,False,,
logic-is-you,False,False,,
love-conquers-all,False,True,,"Button onclick: TEST_1 | Button ID: test_1_ModeBtn | Button onclick: TEST_2 | Button ID: test_2_ModeBtn | HTML pattern: onclick=""window.setControlMode('TEST_1 | HTML pattern: onclick=""window.setControlMode('TEST_2"
magic-tiles,False,False,,
magicus-match-3-rpg,True,False,h1#gameTitle: 'press enter to begin',
megaman,False,False,,
mini-golf-madness,False,False,,
nano-transit,False,True,,"Button onclick: TEST_1 | Button onclick: TEST_2 | HTML pattern: onclick=""setControlMode('TEST_1 | HTML pattern: onclick=""setControlMode('TEST_2"
neon-brick-breaker,False,True,,"HTML pattern: <button id=""test1ModeBtn"" class=""control-button"" o | HTML pattern: <button id=""test2ModeBtn"" class=""control-button"" o"
neon-hop,True,False,h1#gameTitle: 'press enter to begin',
neon-snake-breaker,False,True,,"HTML pattern: <button id=""test1ModeBtn"" class=""control-button"" o | HTML pattern: <button id=""test2ModeBtn"" class=""control-button"" o | HTML pattern: <button id=""test3ModeBtn"" class=""control-button"" o"
ocean-hunter-cannon-fury,False,False,,
octagon-1-maximal-challenge,True,False,<title>: 'Octagon 1: Maximal Challenge' | Visible text: 'Octagon 1: Maximal Challenge...',
octagon-rush,False,False,,
onebit-dungeon,True,False,h1#gameTitle: 'press enter to begin',
pico-squad,False,True,,"Button onclick: TEST_1 | Button ID: test_1_ModeBtn | Button onclick: TEST_2 | Button ID: test_2_ModeBtn | HTML pattern: onclick=""setControlMode('TEST_1 | HTML pattern: onclick=""setControlMode('TEST_2"
pixel-drift-race,False,True,,"Button onclick: TEST_1 | Button ID: test_1_ModeBtn | Button onclick: TEST_2 | Button ID: test_2_ModeBtn | HTML pattern: onclick=""window.setControlMode('TEST_1 | HTML pattern: onclick=""window.setControlMode('TEST_2"
pixel-hopper,False,False,,
plants-vs-zombies-tower-defense,False,False,,
pogo-punk-3d,False,False,,
pool-challenge,False,False,,
primate-patrol,False,False,,
red-dungeon,False,False,,
red-hot-vengeance-web-edition,False,False,,
rhythm-runner,True,True,h1#gameTitle: 'press enter to begin',"Button onclick: TEST_1 | Button ID: test_1_ModeBtn | Button onclick: TEST_2 | Button ID: test_2_ModeBtn | HTML pattern: onclick=""window.setControlMode('TEST_1 | HTML pattern: onclick=""window.setControlMode('TEST_2"
ridiculous-fishing-p5js,False,True,,"Button onclick: TEST_1 | Button ID: test_1_ModeBtn | Button onclick: TEST_2 | Button ID: test_2_ModeBtn | HTML pattern: onclick=""window.setControlMode('TEST_1 | HTML pattern: onclick=""window.setControlMode('TEST_2"
royal-kingdom,False,False,,
sanctuary-quest,False,True,,"Button onclick: TEST_1 | Button ID: test_1_ModeBtn | Button onclick: TEST_2 | Button ID: test_2_ModeBtn | HTML pattern: onclick=""window.setControlMode('TEST_1 | HTML pattern: onclick=""window.setControlMode('TEST_2"
shadow-blade-ascent,False,False,,
shadow-boy,False,True,,"Button onclick: TEST_1 | Button ID: test_1_ModeBtn | Button onclick: TEST_2 | Button ID: test_2_ModeBtn | HTML pattern: onclick=""window.setControlMode('TEST_1 | HTML pattern: onclick=""window.setControlMode('TEST_2"
shadow-takedown-ninja-stealth,False,True,,"Button onclick: TEST_1 | Button ID: test_1_ModeBtn | Button onclick: TEST_2 | Button ID: test_2_ModeBtn | HTML pattern: onclick=""window.setControlMode('TEST_1 | HTML pattern: onclick=""window.setControlMode('TEST_2"
shawarma-stack,False,False,,
snakeio,True,False,h1#gameTitle: 'press enter to begin',
spud-survivor,True,False,h1#gameTitle: 'press enter to begin',
stack-threejs-game,True,False,h1#gameTitle: 'press enter to begin',
star-of-providence-sector-zero,False,False,,
stickman-fury,False,False,,
subway-surfers,False,False,,
sugar-sugar,True,True,h1#gameTitle: 'press enter to begin',"Button onclick: TEST_1 | Button ID: test_1_ModeBtn | Button onclick: TEST_2 | Button ID: test_2_ModeBtn | Button onclick: TEST_3 | Button ID: test_3_ModeBtn | Button onclick: TEST_4 | Button ID: test_4_ModeBtn | Button onclick: TEST_5 | Button ID: test_5_ModeBtn | Button onclick: TEST_6 | Button ID: test_6_ModeBtn | Button onclick: TEST_7 | Button ID: test_7_ModeBtn | HTML pattern: onclick=""window.setControlMode('TEST_1 | HTML pattern: onclick=""window.setControlMode('TEST_2 | HTML pattern: onclick=""window.setControlMode('TEST_3"
tenten-trials,False,True,,"Button onclick: TEST_1 | Button ID: test_1_ModeBtn | Button onclick: TEST_2 | Button ID: test_2_ModeBtn | HTML pattern: onclick=""window.setControlMode('TEST_1 | HTML pattern: onclick=""window.setControlMode('TEST_2"
throw-master-2d,True,True,h1#gameTitle: 'press enter to begin',"Button onclick: TEST_1 | Button ID: test_1_ModeBtn | Button onclick: TEST_2 | Button ID: test_2_ModeBtn | HTML pattern: onclick=""window.setControlMode('TEST_1 | HTML pattern: onclick=""window.setControlMode('TEST_2"
tilt-roller,False,False,,
timberman-clone,False,False,,
tone-sphere,True,True,h1#gameTitle: 'press enter to begin',"Button onclick: TEST_1 | Button ID: test_1_ModeBtn | Button onclick: TEST_2 | Button ID: test_2_ModeBtn | HTML pattern: onclick=""window.setControlMode('TEST_1 | HTML pattern: onclick=""window.setControlMode('TEST_2"
tower-destiny-survive,False,True,,"Button onclick: TEST_1 | Button ID: test_1_ModeBtn | Button onclick: TEST_2 | Button ID: test_2_ModeBtn | HTML pattern: onclick=""window.setControlMode('TEST_1 | HTML pattern: onclick=""window.setControlMode('TEST_2"
traffic-jam,False,True,,"Button onclick: TEST_1 | Button ID: test_1_ModeBtn | Button onclick: TEST_2 | Button ID: test_2_ModeBtn | HTML pattern: onclick=""window.setControlMode('TEST_1 | HTML pattern: onclick=""window.setControlMode('TEST_2"
tumble-guys,False,False,,
twist-jump-3d,False,False,,
ultrakill-lite,False,True,,"Button onclick: TEST_1 | Button ID: test_1_ModeBtn | HTML pattern: onclick=""window.setControlMode('TEST_1"
undertale-battle-system,True,False,h1#gameTitle: 'press enter to begin',
untitled-goose-clone,False,False,,
voxel-venture,True,True,h1#gameTitle: 'press enter to begin',"Button ID: test_1_ModeBtn | Button ID: test_2_ModeBtn | HTML pattern: <button id=""test_1_ModeBtn"" class=""control-button"" | HTML pattern: <button id=""test_2_ModeBtn"" class=""control-button"""
voxelcraft,False,False,,
webfishing-sim,False,False,,
wenjia-dimensional-spirit-rescue,False,False,,
wild-arena,False,False,,
worms-zone-hungry-snake-arena,False,False,,
zigzag-infinity,False,True,,"Button ID: test_1_ModeBtn | Button ID: test_2_ModeBtn | HTML pattern: <button id=""test_1_ModeBtn"" class=""control-button"" | HTML pattern: <button id=""test_2_ModeBtn"" class=""control-button"""
서울-2033-후원자-seoul-2033-supporter,False,False,,
