rank,name,genre,description,developer,price,rating,rating_count,version,file_size,content_rating,bundle_id,screenshot_files,icon_file,app_id
1,Block Blast！,Puzzle,a block blast is an endless score-chasing block puzzle game where players drag and place various shaped blocks onto a grid to complete full rows or columns clearing lines to earn points and build combos. the main objective is to continuously clear blocks and achieve the highest score possible by strategically planning each move without time limits offering a relaxing yet mentally stimulating experience. its clean visual style and daily challenges make it an engaging brain exercise for quick breaks anytime anywhere.,Hungry Studio,Free,4.88147,1531288,5.9.1,292027392,17+,com.blockpuzzle.us.ios,game_screenshots/BlockBlast_1617391485_screenshot_1.png;game_screenshots/BlockBlast_1617391485_screenshot_2.png;game_screenshots/BlockBlast_1617391485_screenshot_3.png;game_screenshots/BlockBlast_1617391485_screenshot_4.png;game_screenshots/BlockBlast_1617391485_screenshot_5.png,game_icons/BlockBlast_1617391485_icon.png,1617391485
2,Fortnite,Adventure,a fortnite is a dynamic online multiplayer game platform offering diverse experiences from competitive battle royale to creative user-generated islands. players engage in fast-paced combat aiming to be the last one standing in battle royale or zero build modes utilizing building mechanics or pure gunplay while also exploring thousands of creator-made worlds like tycoons and zombie survival. its vibrant cartoonish art style combined with constant new content and social features provides an expansive and ever-evolving virtual playground for various player preferences.,Epic Games Inc.,Free,4.4127,59921,36.10.1,526019584,12+,com.epicgames.FortniteGame,,game_icons/Fortnite_6483539426_icon.png,6483539426
3,Roblox,Entertainment,a roblox is an expansive virtual universe and game creation platform where players explore millions of user-generated experiences ranging from epic adventures to competitive games or social hangouts. the core gameplay involves discovering new community-created worlds interacting with other players customizing blocky avatars and even creating your own content fostering limitless creativity. its distinct blocky visual style and full cross-platform support provide an infinite variety of immersive experiences and social connections for a global community.,Roblox Corporation,Free,4.54542,14716290,2.679.761,248672256,12+,com.roblox.robloxmobile,game_screenshots/Roblox_431946152_screenshot_1.png;game_screenshots/Roblox_431946152_screenshot_2.png;game_screenshots/Roblox_431946152_screenshot_3.png;game_screenshots/Roblox_431946152_screenshot_4.png;game_screenshots/Roblox_431946152_screenshot_5.png,game_icons/Roblox_431946152_icon.png,431946152
4,Vita Mahjong,Card,a vita mahjong is a senior-friendly mahjong solitaire game designed to relax and train the brain through classic tile-matching fun. players clear the board by tapping and matching identical free tiles that are not blocked by other tiles utilizing large clear tiles and easy controls to reduce eye strain. the main objective is to complete hundreds of levels and daily brain exercises improving memory and focus with hints and undo options for a stress-free cognitive puzzle experience playable offline.,Vita Studio,Free,4.91995,895273,2.48.2,303200256,4+,com.vitastudio.mahjong,game_screenshots/Vita_Mahjong_6468921495_screenshot_1.png;game_screenshots/Vita_Mahjong_6468921495_screenshot_2.png;game_screenshots/Vita_Mahjong_6468921495_screenshot_3.png;game_screenshots/Vita_Mahjong_6468921495_screenshot_4.png;game_screenshots/Vita_Mahjong_6468921495_screenshot_5.png,game_icons/Vita_Mahjong_6468921495_icon.png,6468921495
5,Royal Kingdom,Puzzle,a royal kingdom is a match 3 puzzle adventure where players solve challenging puzzles to build legendary kingdoms and defeat the evil dark king. gameplay involves swapping and matching three or more identical pieces to clear obstacles earn coins and unlock diverse districts like parliament square and the princess tower. the main objective is to strategically complete match 3 levels to expand your royal domain craft a kingdom befitting royalty and conquer the dark king and his minions providing a blend of puzzle-solving and narrative progression.,Dream Games,Free,4.72333,450889,19683,292761600,12+,com.dreamgames.royalkingdom,,game_icons/Royal_Kingdom_1606549505_icon.png,1606549505
6,Kingshot,Strategy,a kingshot is an innovative idle medieval survival strategy game where players assume the role of a governor leading their people through a world riddled with societal collapse and war. the core gameplay involves managing human resources by allocating survivor roles like workers hunters and chefs gathering vital resources upgrading defenses and repelling constant invasions to protect your town. the main objective is to devise internal and diplomatic strategies to ensure the survival of your civilization and rekindle its spark offering a detailed and strategic management experience.,Century Games Pte. Ltd.,Free,4.68731,67617,1.5.4,729495552,4+,com.run.tower.defense,,game_icons/Kingshot_6739554056_icon.png,6739554056
7,Royal Match,Casual,a royal match is a casual match 3 puzzle game where players help king robert restore his royal castle to its former glory. gameplay involves tapping and swapping colorful pieces to match three or more identical ones clearing obstacles and combining amazing power-ups to beat joyful and challenging levels. the main objective is to continuously complete match 3 puzzles to earn coins unlock powerful boosters open chests and progressively restore and explore new rooms royal chambers and splendid gardens within the castle providing a delightful and engaging experience.,Dream Games,Free,4.68832,3139551,29667,280103936,12+,com.dreamgames.royalmatch,game_screenshots/Royal_Match_1482155847_screenshot_1.png;game_screenshots/Royal_Match_1482155847_screenshot_2.png;game_screenshots/Royal_Match_1482155847_screenshot_3.png;game_screenshots/Royal_Match_1482155847_screenshot_4.png;game_screenshots/Royal_Match_1482155847_screenshot_5.png,game_icons/Royal_Match_1482155847_icon.png,1482155847
8,Squid Game: Unleashed,Action,a squid game unleashed is a multiplayer action battle royale game where players compete in twisted competitions inspired by the hit series. the core gameplay involves participating in iconic deadly challenges such as red light green light dalgona and glass bridge alongside new game types like a hide and seek labyrinth and a sky-high squid game. the main objective is to outlast and defeat all other players in each fast-paced heart-pounding contest using skill and killer instinct to survive a brutal and dark trip down memory lane.,"Netflix, Inc.",Free,4.80226,30277,0.0.13988,1940932608,12+,com.netflix.NGP.ProjectKraken,,game_icons/Squid_Game_Unleashed_6498719476_icon.png,6498719476
9,Gossip Harbor®: Merge & Story,Puzzle,a gossip harbor merge and story is a narrative-driven merge puzzle game where players help quinn castillo rebuild her life and restaurant on brimwave island while uncovering a deep mystery. gameplay involves merging various items to create flavorful dishes like coffee sandwiches and seafood to serve customers and earn resources for restaurant restoration and decoration. the main objective is to strategically merge items to progress the story renovate the beach restaurant by choosing design elements and reveal clues to uncover hidden secrets and solve the mystery of who is trying to ruin quinns life providing a blend of casual puzzle and engaging storytelling.,Microfun Limited,Free,4.5975,99922,3.68.0,286868480,12+,com.mergegame.icookie,,game_icons/Gossip_Harbor_Merge__Story_1623318294_icon.png,1623318294
10,Clash Royale,Strategy,a clash royale is a real-time multiplayer battle game where players strategically deploy unique cards from a customizable battle deck to destroy enemy king and princess towers. gameplay involves placing various clash characters troops spells and defenses onto the arena in fast-paced matches aiming to outsmart opponents and defend your own towers. the main objective is to win battles progress through new arenas collect and upgrade over 100 cards and compete in global tournaments providing a competitive and strategic card-based tower defense experience.,Supercell,Free,4.58427,2952608,11.449.5,990705664,9+,com.supercell.scroll,game_screenshots/Clash_Royale_1053012308_screenshot_1.png;game_screenshots/Clash_Royale_1053012308_screenshot_2.png;game_screenshots/Clash_Royale_1053012308_screenshot_3.png;game_screenshots/Clash_Royale_1053012308_screenshot_4.png;game_screenshots/Clash_Royale_1053012308_screenshot_5.png,game_icons/Clash_Royale_1053012308_icon.png,1053012308
11,Township,Entertainment,a city-building and farming simulation game where players act as mayor constructing houses factories and community buildings while cultivating crops to grow their dream town. gameplay involves strategic placement of structures resource management and decorating the vibrant environment. players also engage in relaxing match-3 puzzles offline to earn rewards and speed up progress competing in regattas and global events for exclusive prizes offering a blend of creative freedom and puzzle-solving challenge.,Playrix,Free,4.75577,1899733,28.1.2,250712064,4+,com.playrix.township-ios,game_screenshots/Township_638689075_screenshot_1.png;game_screenshots/Township_638689075_screenshot_2.png;game_screenshots/Township_638689075_screenshot_3.png;game_screenshots/Township_638689075_screenshot_4.png;game_screenshots/Township_638689075_screenshot_5.png,game_icons/Township_638689075_icon.png,638689075
12,Bus Escape: Traffic Jam,Puzzle,a unique parking puzzle game where players navigate a crowded lot by tapping cars to move them in a single direction within limited space. the core objective is to strategically plan moves to match stickmen passengers to their corresponding buses ensuring every passenger boards their correct vehicle. players must overcome intricate traffic jams and can utilize powerful boosters to clear challenging levels competing on global leaderboards for glory in this mentally stimulating and strategic experience.,ABI GLOBAL LTD.,Free,4.68039,87530,1.9.22,370084864,9+,com.abi.busjam.sortpuzzle,,game_icons/Bus_Escape_Traffic_Jam_6689516366_icon.png,6689516366
13,Color Block Jam,Puzzle,a fun and challenging block puzzle game where players slide colored blocks across a vibrant environment to match them with corresponding colored doors making them disappear. the core objective is to clear each puzzle by carefully planning moves and navigating around obstacles that block paths. gameplay escalates in complexity requiring logical skills and strategy to unlock new levels providing a captivating and visually appealing puzzle-solving adventure.,Rollic Games,Free,4.59371,64715,1.20.7,416803840,12+,com.GybeGames.ColorBlockJam,game_screenshots/Color_Block_Jam_6504332779_screenshot_1.png;game_screenshots/Color_Block_Jam_6504332779_screenshot_2.png;game_screenshots/Color_Block_Jam_6504332779_screenshot_3.png;game_screenshots/Color_Block_Jam_6504332779_screenshot_4.png;game_screenshots/Color_Block_Jam_6504332779_screenshot_5.png,game_icons/Color_Block_Jam_6504332779_icon.png,6504332779
14,Subway Surfers,Action,an exhilarating endless running action game where players control a character like jake tricky or fresh dashing as fast as possible through colorful and vivid hd subway environments. the main objective is to dodge oncoming trains grind rails and perform lightning-fast swipe acrobatics to escape a grumpy guard and his dog. players collect coins use power-ups like hoverboards and paint powered jetpacks and challenge friends in this daring high-speed chase.,Sybo Games ApS,Free,4.65144,3383265,3.48.10,289275904,9+,com.kiloo.subwaysurfers,game_screenshots/Subway_Surfers_512939461_screenshot_1.png;game_screenshots/Subway_Surfers_512939461_screenshot_2.png;game_screenshots/Subway_Surfers_512939461_screenshot_3.png;game_screenshots/Subway_Surfers_512939461_screenshot_4.png;game_screenshots/Subway_Surfers_512939461_screenshot_5.png,game_icons/Subway_Surfers_512939461_icon.png,512939461
15,Love Island: The Game,Role Playing,an interactive story role-playing game based on the hit reality tv show love island where players create their own islander character and enter the villa. the core gameplay involves making romantic and dramatic choices that influence relationships with other boys and girls determining their unique love story. players navigate through multiple seasons each with a different cast and collectable outfits aiming to reach the love island final in a choice-driven narrative experience.,Fusebox Games,Free,4.63229,42775,1.6.2,172433408,17+,com.fuseboxgames.loveisland2,,game_icons/Love_Island_The_Game_1522699215_icon.png,1522699215
16,Goods Puzzle: Sort Challenge,Entertainment,an exciting match-3 puzzle game with a unique sorting twist where players embark on a goods matching adventure. the core gameplay involves swapping and matching three or more identical goods to clear them from the board and earn points. players strategically utilize unique goods with special abilities like exploding or clearing rows and columns along with power-ups and boosters to overcome challenging levels and achieve high scores in this engaging and strategic puzzle experience.,ONESOFT GLOBAL PTE. LTD.,Free,4.79087,95308,3.76,453172224,12+,com.fc.goods.sort.matching.puzzle.triplemaster,,game_icons/Goods_Puzzle_Sort_Challenge_6482849843_icon.png,6482849843
17,Magic Sort!,Casual,a charming water color sorting puzzle game where players pour colorful liquids between bottles to organize them so each bottle contains only one color. the core gameplay involves tapping bottles to pick up and pour water strategically ensuring the top colors match and there is sufficient room in the destination bottle. players navigate increasingly complex levels utilizing magic tools like undo and shuffle to solve puzzles in a visually vivid and spellbinding experience.,Grand Games A.Ş.,Free,4.7706,49372,10.93,535243776,4+,com.grandgames.magicsort,game_screenshots/Magic_Sort_6499209744_screenshot_1.png;game_screenshots/Magic_Sort_6499209744_screenshot_2.png;game_screenshots/Magic_Sort_6499209744_screenshot_3.png;game_screenshots/Magic_Sort_6499209744_screenshot_4.png;game_screenshots/Magic_Sort_6499209744_screenshot_5.png,game_icons/Magic_Sort_6499209744_icon.png,6499209744
18,Magic Tiles 3: Piano Game,Music,a captivating music rhythm game where players tap black tiles to the beat of various pop rap acappella edm jazz and instrumental songs while strictly avoiding white tiles. the core objective is to accurately tap tiles as they speed up with each song level aiming for high scores and rhythmic precision. players can challenge others globally in online battles participate in weekly tournaments and even play with additional instruments in band mode offering a diverse and engaging musical experience.,Amanotes Pte. Ltd.,Free,4.53182,535595,12.065.102,498561024,4+,com.amanotes.magictiles,game_screenshots/Magic_Tiles_3_Piano_Game_1443446174_screenshot_1.png;game_screenshots/Magic_Tiles_3_Piano_Game_1443446174_screenshot_2.png;game_screenshots/Magic_Tiles_3_Piano_Game_1443446174_screenshot_3.png;game_screenshots/Magic_Tiles_3_Piano_Game_1443446174_screenshot_4.png;game_screenshots/Magic_Tiles_3_Piano_Game_1443446174_screenshot_5.png,game_icons/Magic_Tiles_3_Piano_Game_1443446174_icon.png,1443446174
19,Umamusume: Pretty Derby,Adventure,an immersive sports life simulation game where players act as trainers scouting and developing unique umamusume or horse girls through an in-depth training system. the core objective is to raise each umamusume to her fullest potential by participating in and winning as many races as possible. players must communicate and cooperate with their trainees to lead them down the path of victory and help turn their greatest dreams into reality all presented with top-of-the-line 3d graphics.,"Cygames, Inc.",Free,4.43252,326,1.9.9,278089728,17+,com.cygames.umamusume,game_screenshots/Umamusume_Pretty_Derby_6480433538_screenshot_1.png;game_screenshots/Umamusume_Pretty_Derby_6480433538_screenshot_2.png;game_screenshots/Umamusume_Pretty_Derby_6480433538_screenshot_3.png;game_screenshots/Umamusume_Pretty_Derby_6480433538_screenshot_4.png;game_screenshots/Umamusume_Pretty_Derby_6480433538_screenshot_5.png,game_icons/Umamusume_Pretty_Derby_6480433538_icon.png,6480433538
20,Whiteout Survival,Strategy,a gripping survival strategy game set in a glacial apocalypse where players lead the last human city in icy wastes. the core objective is to guide survivors through harsh blizzards ferocious beasts and opportunistic bandits to re-establish civilization. gameplay involves assigning survivors to specialized roles like hunter or cook managing their health and happiness and strategically seizing vital resources to ensure humanitys continued existence in this challenging and detailed survival experience.,Century Games Pte. Ltd.,Free,4.64358,313241,1.26.7,865796096,4+,com.gof.global,game_screenshots/Whiteout_Survival_6443575749_screenshot_1.png;game_screenshots/Whiteout_Survival_6443575749_screenshot_2.png;game_screenshots/Whiteout_Survival_6443575749_screenshot_3.png;game_screenshots/Whiteout_Survival_6443575749_screenshot_4.png;game_screenshots/Whiteout_Survival_6443575749_screenshot_5.png,game_icons/Whiteout_Survival_6443575749_icon.png,6443575749
21,Among Us!,Action,a social deduction game set in space where 4 to 15 players work to prep their spaceship for departure while one or more random players act as impostors bent on killing everyone. crewmates win by completing all tasks or voting off the impostors who can use sabotage to create chaos and easier kills. the game features optional roles like scientist and shapeshifter cross-platform play and extensive customization for a master of deception experience.,InnerSloth LLC,Free,4.05324,809831,2025.6.10,911787008,9+,com.innersloth.amongus,game_screenshots/Among_Us_1351168404_screenshot_1.png;game_screenshots/Among_Us_1351168404_screenshot_2.png;game_screenshots/Among_Us_1351168404_screenshot_3.png;game_screenshots/Among_Us_1351168404_screenshot_4.png;game_screenshots/Among_Us_1351168404_screenshot_5.png,game_icons/Among_Us_1351168404_icon.png,1351168404
22,Cookingdom,Food & Drink,a chill and cozy cooking game that makes creating delicious dishes a relaxing step-by-step experience through satisfying mini-games. players engage in gentle slicing chopping mixing stirring and cooking to perfection with soft sounds and visual blending like food asmr. the main objective is to plate masterpieces in a forgiving environment providing a calm and creative player experience.,ABI GLOBAL LTD.,Free,4.74758,58681,2.5,440493056,4+,com.abi.cook.chill,,game_icons/Cookingdom_6742222069_icon.png,6742222069
23,Call of Duty®: Mobile,Action,a console-quality first-person shooter reimagined for mobile offering intense multiplayer battles and battle royale warfare on legendary maps. players jump into classic modes like team deathmatch and domination or squad up for dynamic battle royale and zombies mode aiming to dominate the battlefield. the game boasts customizable intuitive controls and voice chat for an ultimate free-to-play fps action-packed experience.,"Activision Publishing, Inc.",Free,4.67421,1922020,1.0.51,3535534080,17+,com.activision.callofduty.shooter,,game_icons/Call_of_Duty_Mobile_1287282214_icon.png,1287282214
24,Connect Word Association Game,Entertainment,a clever word puzzle game where players group seemingly random words by meaning category or association to solve logic puzzles. each level increases in difficulty requiring careful thought and strategic planning to connect scattered words. this engaging game helps improve logical thinking build associative chains and grow vocabulary in a relaxing way.,Hitapps Games LTD,Free,4.67601,86156,1.8.3,225782784,4+,com.hitappsgames.connectwords,game_screenshots/Connect_Word_Association_Game_6692629257_screenshot_1.png;game_screenshots/Connect_Word_Association_Game_6692629257_screenshot_2.png;game_screenshots/Connect_Word_Association_Game_6692629257_screenshot_3.png;game_screenshots/Connect_Word_Association_Game_6692629257_screenshot_4.png;game_screenshots/Connect_Word_Association_Game_6692629257_screenshot_5.png,game_icons/Connect_Word_Association_Game_6692629257_icon.png,6692629257
25,Pokémon TCG Pocket,Casual,a mobile adaptation of the pokémon trading card game allowing players to enjoy collecting and battling cards anytime anywhere. players open two free booster packs daily to collect new and classic cards including immersive cards with a 3d feel and can trade certain cards with friends. the game offers casual battles and features binders and display boards for showcasing collections providing a nostalgic collecting and casual battling experience.,The Pokemon Company,Free,4.79157,457879,1.2.5,294077440,4+,jp.pokemon.pokemontcgp,game_screenshots/Pokémon_TCG_Pocket_6479970832_screenshot_1.png;game_screenshots/Pokémon_TCG_Pocket_6479970832_screenshot_2.png;game_screenshots/Pokémon_TCG_Pocket_6479970832_screenshot_3.png;game_screenshots/Pokémon_TCG_Pocket_6479970832_screenshot_4.png;game_screenshots/Pokémon_TCG_Pocket_6479970832_screenshot_5.png,game_icons/Pokémon_TCG_Pocket_6479970832_icon.png,6479970832
26,Offline Games No WiFi Fun 100+,Puzzle,a diverse collection of over 100 offline games offering endless fun without an internet connection across various genres. players can dive into brain-teasing puzzles classic arcades strategic board games and exciting card challenges including merging objects pinball and 2048. this suite ensures a versatile and convenient entertainment experience tailored for seamless gameplay across devices.,720 Media LLC,Free,4.70119,51802,1.40,197688320,4+,com.media720.offlinegames,game_screenshots/Offline_Games_No_WiFi_Fun_100_6470471626_screenshot_1.png;game_screenshots/Offline_Games_No_WiFi_Fun_100_6470471626_screenshot_2.png;game_screenshots/Offline_Games_No_WiFi_Fun_100_6470471626_screenshot_3.png;game_screenshots/Offline_Games_No_WiFi_Fun_100_6470471626_screenshot_4.png;game_screenshots/Offline_Games_No_WiFi_Fun_100_6470471626_screenshot_5.png,game_icons/Offline_Games_No_WiFi_Fun_100_6470471626_icon.png,6470471626
27,MONOPOLY GO!,Family,a reimagined mobile version of the classic board game monopoly where players roll dice earn monopoly money and interact with friends and family. the core loop involves collecting properties building houses and hotels pulling chance cards and exploring new themed boards guided by mr monopoly. this game provides a relaxing strategic and social experience without the need for board cleanup.,"Scopely, Inc.",Free,4.80002,3300944,1.48.1,268236800,9+,com.scopely.monopolygo,,game_icons/MONOPOLY_GO_1621328561_icon.png,1621328561
28,Word Search Explorer®,Word,a free-to-play word search puzzle game that takes players on a wondrous quest of adventure and wisdom. players flex their brain by connecting letters and swiping to find hidden words related to a common theme in a grid. successfully completing each puzzle progresses the journey through breathtaking landscapes steadily growing vocabulary and confidence for a brain training and adventurous experience.,PlaySimple Games Pte Ltd,Free,4.95773,575141,1.114,287125504,4+,in.playsimple.wordsearch,game_screenshots/Word_Search_Explorer_1602508478_screenshot_1.png;game_screenshots/Word_Search_Explorer_1602508478_screenshot_2.png;game_screenshots/Word_Search_Explorer_1602508478_screenshot_3.png;game_screenshots/Word_Search_Explorer_1602508478_screenshot_4.png;game_screenshots/Word_Search_Explorer_1602508478_screenshot_5.png,game_icons/Word_Search_Explorer_1602508478_icon.png,1602508478
29,Last War:Survival,Card,a strategic survival game set in a global zombie infestation where players must retain their humanity and survive. the core loop involves dodging and combating waves of zombies building and customizing a zombie-free shelter expanding an army and assembling a dream team of heroes with unique skills. this game combines action strategy base building and hero collection for an intense strategic survival experience.,FUNFLY PTE. LTD.,Free,4.72201,275883,1.0.300,1808905216,12+,com.lastwar.ios,,game_icons/Last_WarSurvival_6448786147_icon.png,6448786147
30,Charades - Family & Party Game,Entertainment,a fun and easy-to-play party game where one player guesses a word or phrase displayed on their phone from friends clues. friends act describe sing or dance to give clues while the guessing player tilts the phone downwards for correct guesses or upwards to pass. with over 75 themed decks this game is perfect for social gatherings encouraging creativity and laughter.,Dmytro Cheverda,Free,4.78638,109042,2.9.10,52604928,4+,com.dmytrocheverda.Charades,,game_icons/Charades_-_Family__Party_Game_1453837845_icon.png,1453837845
31,Epic Plane Evolution,Simulation,an epic plane evolution is a simulation game where players learn to fly and continuously upgrade their glider to journey into uncharted territories. the core loop involves controlling a glider through various environments earning resources to enhance its capabilities like speed or maneuverability and then venturing further into new unexplored regions. this provides a relaxing progression-based exploration experience focused on continuous improvement and discovery within a likely colorful and simple visual style.,Voodoo,Free,4.42795,30884,1.6.18,365483008,12+,io.heseri.plane,game_screenshots/Epic_Plane_Evolution_6504122823_screenshot_1.png;game_screenshots/Epic_Plane_Evolution_6504122823_screenshot_2.png;game_screenshots/Epic_Plane_Evolution_6504122823_screenshot_3.png;game_screenshots/Epic_Plane_Evolution_6504122823_screenshot_4.png,game_icons/Epic_Plane_Evolution_6504122823_icon.png,6504122823
32,Triumph: Play for Cash,Entertainment,a triumph play for cash is a competitive entertainment platform where players engage in over ten diverse skill-based mini-games to win real cash prizes against live opponents. players select from various tournament formats like 1v1 duels or group play aiming to outperform rivals earn cash and climb competitive leagues by collecting crowns. the game offers an ad-free high-stakes competitive experience with instant cash withdrawals and fair skill-based matchmaking.,Triumph Arcade,Free,4.71012,382845,2.58.0,1319840768,17+,com.triumphsdkprod,game_screenshots/Triumph_Play_for_Cash_1608987929_screenshot_1.png;game_screenshots/Triumph_Play_for_Cash_1608987929_screenshot_2.png;game_screenshots/Triumph_Play_for_Cash_1608987929_screenshot_3.png;game_screenshots/Triumph_Play_for_Cash_1608987929_screenshot_4.png;game_screenshots/Triumph_Play_for_Cash_1608987929_screenshot_5.png,game_icons/Triumph_Play_for_Cash_1608987929_icon.png,1608987929
33,Fruit Merge: Match Game,Casual,a fruit merge match game is a casual physics-based puzzle where players strategically drop colorful fruits into a container. the main objective is to merge identical fruits upon collision creating progressively larger fruits with the ultimate goal of forming a giant watermelon without overflowing the box. this provides a satisfying and strategic experience requiring careful placement and space management within its vibrant fruit-themed visuals.,Bravestars Technology JSC,Free,4.56153,178820,6.7,241201152,17+,com.puzzle.merge.fruits.watermelon.drop,game_screenshots/Fruit_Merge_Match_Game_6471572249_screenshot_1.png;game_screenshots/Fruit_Merge_Match_Game_6471572249_screenshot_2.png;game_screenshots/Fruit_Merge_Match_Game_6471572249_screenshot_3.png;game_screenshots/Fruit_Merge_Match_Game_6471572249_screenshot_4.png;game_screenshots/Fruit_Merge_Match_Game_6471572249_screenshot_5.png,game_icons/Fruit_Merge_Match_Game_6471572249_icon.png,6471572249
34,Sudoku Master！,Board,a sudoku master is a comprehensive digital board game offering over 40000 handcrafted sudoku puzzles across six difficulty levels. players fill a 9x9 grid with numbers 1-9 ensuring each row column and 3x3 subgrid contains unique digits using pure logic and deduction. the game features an intelligent hint system that teaches advanced sudoku techniques daily challenges and achievement tracking providing a mentally stimulating and educational experience.,Hungry Studio,Free,4.87349,8924,1.9.6,248623104,4+,com.mathbrain.sudoku,game_screenshots/Sudoku_Master_1618041797_screenshot_1.png;game_screenshots/Sudoku_Master_1618041797_screenshot_2.png;game_screenshots/Sudoku_Master_1618041797_screenshot_3.png;game_screenshots/Sudoku_Master_1618041797_screenshot_4.png;game_screenshots/Sudoku_Master_1618041797_screenshot_5.png,game_icons/Sudoku_Master_1618041797_icon.png,1618041797
35,Match Factory!,Puzzle,a match factory is a mesmerizing 3d puzzle adventure where players sort and connect identical items to clear a cluttered board. the core gameplay involves identifying matching 3d objects and tapping them to remove them from the screen testing wit and strategy as the player aims to clear every item. this provides a relaxing yet challenging brain-training experience with its visually engaging 3d graphics and the convenience of offline play.,Peak Games,Free,4.79721,526462,1.45.60,595737600,4+,net.peakgames.match,,game_icons/Match_Factory_6449094229_icon.png,6449094229
36,Hexa Away,Puzzle,a hexa away is an addictive brain-training puzzle game where players manipulate hexagonal pieces to remove them from various stages. players tap hexa pieces to move them off the board often needing to interact with stage gimmicks and apply strategic thinking to clear larger more complex layouts. this offers a challenging and satisfying experience focused on spatial reasoning and problem-solving with its clean geometric visual design.,"GOODROID,Inc.",Free,4.61062,145056,2.7.0,257695744,12+,jp.co.goodroid.hyper.hexaaway,,game_icons/Hexa_Away_6504324020_icon.png,6504324020
37,Sand Blast! Block Puzzle,Entertainment,a sand blast block puzzle is a unique twist on the classic block puzzle genre where players drop colorful block shapes onto a grid. these blocks break into sand and flow naturally filling lines which clear when a full horizontal line of the same color sand is formed. the objective is to strategically place blocks and use bomb pieces to manage space preventing the grid from overflowing providing an endless satisfying and strategic experience with real-time sand physics.,Inspired Square FZE,Free,4.88426,1607,1.2.2,225702912,4+,com.inspiredsquare.sand.blast,,game_icons/Sand_Blast_Block_Puzzle_6746120185_icon.png,6746120185
38,Solitaire Clash: Win Real Cash,Card,a solitaire clash win real cash is a competitive card game where players engage in classic klondike solitaire against real opponents for cash prizes. players sort a 52-card deck by tapping to move cards arranging all four suits into ascending order within a time limit to achieve the highest score. this offers a thrilling and strategic skill-based competitive experience where players can earn real money through their solitaire mastery.,Aviagames Inc.,Free,4.79629,356016,1.1.71,974362624,17+,co.aviagames.mtp.solitaire,,game_icons/Solitaire_Clash_Win_Real_Cash_1589643727_icon.png,1589643727
39,Last Z: Survival Shooter,Puzzle,a last z survival shooter is an action-packed game set in a zombie-infested apocalyptic world where players must hone their dodging and shooting skills. the core loop involves navigating through relentless waves of undead strategically evading their attacks while precisely targeting enemies to survive and earn rewards. players also explore abandoned areas uncover hidden treasures and expand their territory providing an adrenaline-fueled strategic survival experience.,Florere Game Limited,Free,4.71286,11186,1.250.664,1145938944,12+,com.readygo.barrel.ios,game_screenshots/Last_Z_Survival_Shooter_6503272652_screenshot_1.png;game_screenshots/Last_Z_Survival_Shooter_6503272652_screenshot_2.png;game_screenshots/Last_Z_Survival_Shooter_6503272652_screenshot_3.png;game_screenshots/Last_Z_Survival_Shooter_6503272652_screenshot_4.png,game_icons/Last_Z_Survival_Shooter_6503272652_icon.png,6503272652
40,NYT Games: Solve Puzzles Daily,Entertainment,a nyt games solve puzzles daily is an essential collection of daily word logic and number puzzles from the new york times. players engage with various games like the classic crossword by cracking clues wordle by guessing 5-letter words connections by grouping related terms and spelling bee by forming words from given letters. this provides a mentally stimulating and engaging daily routine for players who enjoy challenging their vocabulary and logic skills.,The New York Times Company,Free,4.85438,235187,5.58.0,78616576,4+,com.magmic.NYTCrosswords09,game_screenshots/NYT_Games_Solve_Puzzles_Daily_307569751_screenshot_1.png;game_screenshots/NYT_Games_Solve_Puzzles_Daily_307569751_screenshot_2.png;game_screenshots/NYT_Games_Solve_Puzzles_Daily_307569751_screenshot_3.png;game_screenshots/NYT_Games_Solve_Puzzles_Daily_307569751_screenshot_4.png;game_screenshots/NYT_Games_Solve_Puzzles_Daily_307569751_screenshot_5.png,game_icons/NYT_Games_Solve_Puzzles_Daily_307569751_icon.png,307569751
41,Offline Games - No Wifi Games,Puzzle,a diverse collection of over 20 offline minigames offering a mental workout for puzzle enthusiasts and challenge seekers. players engage with various puzzle types like number games such as 2048 and 2248 or word games like word guess and word finder. the main objectives are to achieve high scores in numeric challenges expand vocabulary in word puzzles and complete thrilling challenges all designed to keep the mind sharp. this game provides a versatile and engaging brain-training experience available anytime anywhere without an internet connection.,Moreno Maio,Free,4.88314,190427,3.1.2,203958272,4+,com.JindoBlu.OfflineGamesIOS,game_screenshots/Offline_Games_-_No_Wifi_Games_6448104157_screenshot_1.png;game_screenshots/Offline_Games_-_No_Wifi_Games_6448104157_screenshot_2.png;game_screenshots/Offline_Games_-_No_Wifi_Games_6448104157_screenshot_3.png;game_screenshots/Offline_Games_-_No_Wifi_Games_6448104157_screenshot_4.png;game_screenshots/Offline_Games_-_No_Wifi_Games_6448104157_screenshot_5.png,game_icons/Offline_Games_-_No_Wifi_Games_6448104157_icon.png,6448104157
42,8 Ball Pool™,Entertainment,an addictive challenging 3d pool simulation game where players compete to become a master of the pool table. players select a pool table aim their cue stick with precision and strike the cue ball to strategically pocket object balls in a realistic physics environment. the main objective is to outmaneuver opponents in pvp matches by sinking all designated balls and then the 8 ball to win rounds and improve aiming skills. this game offers a competitive online multiplayer experience for pool enthusiasts to challenge friends or global players.,Miniclip.com,Free,4.75059,4417304,56.10.0,195288064,4+,com.miniclip.8ballpoolmult,game_screenshots/8_Ball_Pool_543186831_screenshot_1.png;game_screenshots/8_Ball_Pool_543186831_screenshot_2.png;game_screenshots/8_Ball_Pool_543186831_screenshot_3.png;game_screenshots/8_Ball_Pool_543186831_screenshot_4.png,game_icons/8_Ball_Pool_543186831_icon.png,543186831
43,Tetris®,Puzzle,an official mobile adaptation of the world-renowned block-stacking puzzle game tetris featuring hundreds of unique levels and classic gameplay modes. players manipulate falling geometric shapes called tetriminos by rotating and moving them to form complete horizontal lines at the bottom of the playfield. the main objectives are to clear lines to earn points prevent the stack from reaching the top achieve high scores and solve level-specific puzzles. this game provides a timeless and engaging puzzle-solving experience combining nostalgic fun with fresh challenges and offline playability.,PlayStudios,Free,4.54915,436265,7.3.1,356712448,4+,com.n3twork.tetris,game_screenshots/Tetris_1491074310_screenshot_1.png;game_screenshots/Tetris_1491074310_screenshot_2.png;game_screenshots/Tetris_1491074310_screenshot_3.png;game_screenshots/Tetris_1491074310_screenshot_4.png;game_screenshots/Tetris_1491074310_screenshot_5.png,game_icons/Tetris_1491074310_icon.png,1491074310
44,Brawl Stars,Casual,a fast-paced 3v3 and 5v5 moba and battle royale game made for mobile where players engage in real-time pvp arena battles. players unlock and upgrade dozens of unique brawlers each with powerful super abilities star powers and gadgets to deploy strategically. the main objectives vary by mode including collecting and holding gems in gem grab being the last brawler standing in showdown or scoring goals in brawl ball all within under three minutes. this game offers a dynamic and accessible multiplayer experience with vibrant cartoonish characters and diverse game modes.,Supercell,Free,4.72581,2641210,62.258,1389754368,9+,com.supercell.laser,game_screenshots/Brawl_Stars_1229016807_screenshot_1.png;game_screenshots/Brawl_Stars_1229016807_screenshot_2.png;game_screenshots/Brawl_Stars_1229016807_screenshot_3.png;game_screenshots/Brawl_Stars_1229016807_screenshot_4.png;game_screenshots/Brawl_Stars_1229016807_screenshot_5.png,game_icons/Brawl_Stars_1229016807_icon.png,1229016807
45,Carnival Tycoon: Idle Games,Simulation,an idle simulation game where players embark on the journey of building managing and expanding their very own theme park. players start with a small park and progressively unlock build and upgrade various creatively designed rides like roller coasters and ferris wheels with simple taps. the main objectives are to attract visitors generate income continuously upgrade attractions to improve efficiency and ultimately become a true carnival tycoon. this game provides a relaxing yet rewarding management experience allowing players to earn coins and grow their park even while away.,Wild Candle Spin LLC,Free,4.81432,48266,1.0.84,282257408,4+,com.solitairetripeaks.masterdesign,game_screenshots/Carnival_Tycoon_Idle_Games_6475709488_screenshot_1.png;game_screenshots/Carnival_Tycoon_Idle_Games_6475709488_screenshot_2.png;game_screenshots/Carnival_Tycoon_Idle_Games_6475709488_screenshot_3.png;game_screenshots/Carnival_Tycoon_Idle_Games_6475709488_screenshot_4.png;game_screenshots/Carnival_Tycoon_Idle_Games_6475709488_screenshot_5.png,game_icons/Carnival_Tycoon_Idle_Games_6475709488_icon.png,6475709488
46,Candy Crush Saga,Entertainment,a classic match-3 puzzle game set in a vibrant world full of delicious candies offering thousands of challenging levels and endless fun. players swap adjacent candies to create lines or clusters of three or more identical candies causing them to clear from the board and trigger cascades. the main objectives are to complete level-specific goals such as clearing jelly collecting ingredients or achieving target scores by strategically matching candies and creating explosive combos. this game provides a brain-boosting and engaging experience with unique game modes daily rewards and competitive leaderboards.,King,Free,4.70775,3672427,1.306.0.2,405649408,4+,com.midasplayer.apps.candycrushsaga,game_screenshots/Candy_Crush_Saga_553834731_screenshot_1.png;game_screenshots/Candy_Crush_Saga_553834731_screenshot_2.png;game_screenshots/Candy_Crush_Saga_553834731_screenshot_3.png;game_screenshots/Candy_Crush_Saga_553834731_screenshot_4.png;game_screenshots/Candy_Crush_Saga_553834731_screenshot_5.png,game_icons/Candy_Crush_Saga_553834731_icon.png,553834731
47,2 Player Games : the Challenge,Casual,a diverse collection of competitive minigames specifically designed for two players to enjoy on a single device or for solo play against an ai opponent. players share the screen and use intuitive finger controls to engage in various head-to-head challenges such as ping pong spinner war air hockey snakes pool and tic tac toe. the main objective in each minigame is to outmaneuver and defeat the opponent whether by scoring goals pushing them off a stage or avoiding their body. this game offers quick engaging and direct competitive fun making it an excellent local multiplayer experience for friends.,Moreno Maio,Free,4.83883,229136,7.7.3,194541568,4+,com.JindoBlu.TwoPlayerGamesChallengeIOS,game_screenshots/2_Player_Games__the_Challenge_1465731199_screenshot_1.png;game_screenshots/2_Player_Games__the_Challenge_1465731199_screenshot_2.png;game_screenshots/2_Player_Games__the_Challenge_1465731199_screenshot_3.png;game_screenshots/2_Player_Games__the_Challenge_1465731199_screenshot_4.png;game_screenshots/2_Player_Games__the_Challenge_1465731199_screenshot_5.png,game_icons/2_Player_Games__the_Challenge_1465731199_icon.png,1465731199
48,Animals & Coins Adventure Game,Adventure,an adventure game where players join a global community to build islands raid lands and collect treasure island coins in an animal-themed world. players earn coins through various mechanics to construct and upgrade their animal islands and bridges while also engaging in strategic raids on other players lands. the main objectives are to become the ultimate raid master by building a magnificent kingdom collecting animal cards and stealing coins and treasures from friends and opponents. this game provides a compelling and competitive adventure experience blending casual building with social raiding and treasure collection.,Innplay Labs,Free,4.89126,201768,15.8.1,301360128,17+,com.innplaylabs.animalkingdom,,game_icons/Animals__Coins_Adventure_Game_1492722342_icon.png,1492722342
49,Clash of Clans,Action,a strategic base-building and real-time combat game where players construct their village raise a clan and compete in epic clan wars. players train a diverse army of mustachioed barbarians fire-wielding wizards and other unique troops then deploy them in tactical attacks against other players villages. the main objectives are to build an impenetrable stronghold collect resources steal loot from opponents rise through leaderboards and participate in clan wars and games to prove clan dominance. this game offers a deep strategic and highly engaging long-term village-building and warfare experience with robust clan features.,Supercell,Free,4.75694,2634500,17.360.18,559501312,9+,com.supercell.magic,game_screenshots/Clash_of_Clans_529479190_screenshot_1.png;game_screenshots/Clash_of_Clans_529479190_screenshot_2.png;game_screenshots/Clash_of_Clans_529479190_screenshot_3.png;game_screenshots/Clash_of_Clans_529479190_screenshot_4.png;game_screenshots/Clash_of_Clans_529479190_screenshot_5.png,game_icons/Clash_of_Clans_529479190_icon.png,529479190
50,Hole.io,Sports,a highly addictive competitive arcade game where players control a black hole in an urban environment. players maneuver their black hole across the city consuming objects like cars buildings and people to progressively grow in size. the main objectives are to become the largest black hole in the arena by swallowing more objects than opponents within a time limit and eventually consuming smaller rival black holes. this game provides a satisfying and chaotic arcade experience with simple touch-and-drag controls and a core loop of continuous consumption and growth.,Voodoo,Free,4.59707,1964475,2.27.10,784906240,9+,com.nguyenvh.holeio,game_screenshots/Holeio_1389111413_screenshot_1.png;game_screenshots/Holeio_1389111413_screenshot_2.png;game_screenshots/Holeio_1389111413_screenshot_3.png;game_screenshots/Holeio_1389111413_screenshot_4.png;game_screenshots/Holeio_1389111413_screenshot_5.png,game_icons/Holeio_1389111413_icon.png,1389111413
